GUID;Departament;Dispositiu;Edifici;Planta;Zona;Àrea Total (m²);Elements
"3q_7I27fz7uAWjDRAhC6eY";"";"Porta";"CQA";"P00";"030";"0";"1"
"3q_7I27fz7uAWjDRAhC6wR";"";"Porta";"CQA";"P00";"005";"0";"1"
"3q_7I27fz7uAWjDRAhC6hA";"";"Porta";"CQA";"P00";"034";"0";"1"
"3q_7I27fz7uAWjDRAhC6jf";"";"Porta";"CQA";"P00";"035";"0";"1"
"3q_7I27fz7uAWjDRAhC7J6";"";"Porta";"CQA";"P00";"036";"0";"1"
"3q_7I27fz7uAWjDRAhC7If";"";"Porta";"CQA";"P00";"037";"0";"1"
"3q_7I27fz7uAWjDRAhC7Hy";"";"Porta";"CQA";"P00";"038";"0";"1"
"3q_7I27fz7uAWjDRAhC6lo";"";"Porta";"CQA";"P00";"039";"0";"1"
"3q_7I27fz7uAWjDRAhC6jR";"";"Porta";"CQA";"P00";"040";"0";"1"
"2jK6F59IL1KQ6HCUUQJ8jQ";"";"Porta";"CQA";"P00";"046";"0";"1"
"3q_7I27fz7uAWjDRAhC6ro";"";"Porta";"CQA";"P00";"005";"0";"1"
"3q_7I27fz7uAWjDRAhC6xx";"";"Porta";"CQA";"P00";"005";"0";"1"
"2sEEv9W_vAy81gipu8hh4R";"";"Porta";"CQA";"P00";"006";"0";"1"
"3q_7I27fz7uAWjDRAhC6wF";"";"Porta";"CQA";"P00";"006";"0";"1"
"2okLOxHIPErgv53IHgR2ft";"";"Porta";"CQA";"P00";"008";"0";"1"
"3q_7I27fz7uAWjDRAhC6oR";"";"Porta";"CQA";"P00";"009";"0";"1"
"2okLOxHIPErgv53IHgR2fs";"";"Porta";"CQA";"P00";"010";"0";"1"
"3q_7I27fz7uAWjDRAhC2eQ";"";"Porta";"CQA";"P00";"012";"0";"1"
"3q_7I27fz7uAWjDRAhC6ny";"";"Porta";"CQA";"P00";"013";"0";"1"
"3q_7I27fz7uAWjDRAhC4l7";"";"Porta";"CQA";"P00";"014";"0";"1"
"3q_7I27fz7uAWjDRAhC6tk";"";"Porta";"CQA";"P00";"015";"0";"1"
"2sEEv9W_vAy81gipu8eJ0q";"";"Porta";"CQA";"P00";"016";"0";"1"
"3q_7I27fz7uAWjDRAhC6_G";"";"Porta";"CQA";"P00";"017";"0";"1"
"3q_7I27fz7uAWjDRAhC6$C";"";"Porta";"CQA";"P00";"017";"0";"1"
"3q_7I27fz7uAWjDRAhC6v8";"";"Porta";"CQA";"P00";"018";"0";"1"
"0nfXwQlzH0duwGu6O2hq1O";"";"Porta";"CQA";"P00";"019";"0";"1"
"0nfXwQlzH0duwGu6O2hqBl";"";"Porta";"CQA";"P00";"019";"0";"1"
"0nfXwQlzH0duwGu6O2hqKn";"";"Porta";"CQA";"P00";"020";"0";"1"
"0nfXwQlzH0duwGu6O2hqRm";"";"Porta";"CQA";"P00";"020";"0";"1"
"3q_7I27fz7uAWjDRAhC6_W";"";"Porta";"CQA";"P00";"020";"0";"1"
"3q_7I27fz7uAWjDRAhC6zf";"";"Porta";"CQA";"P00";"021";"0";"1"
"2sEEv9W_vAy81gipu8hj1h";"";"Porta";"CQA";"P00";"021";"0";"1"
"3q_7I27fz7uAWjDRAhC6Y6";"";"Porta";"CQA";"P00";"023";"0";"1"
"3q_7I27fz7uAWjDRAhC6XU";"";"Porta";"CQA";"P00";"023";"0";"1"
"3q_7I27fz7uAWjDRAhC6Zk";"";"Porta";"CQA";"P00";"023";"0";"1"
"3q_7I27fz7uAWjDRAhC6yo";"";"Porta";"CQA";"P00";"024";"0";"1"
"2sEEv9W_vAy81gipu8hgzn";"";"Porta";"CQA";"P00";"024";"0";"1"
"2sEEv9W_vAy81gipu8hh9A";"";"Porta";"CQA";"P00";"024";"0";"1"
"2sEEv9W_vAy81gipu8hhBP";"";"Porta";"CQA";"P00";"024";"0";"1"
"2sEEv9W_vAy81gipu8heMi";"";"Porta";"CQA";"P00";"024";"0";"1"
"3q_7I27fz7uAWjDRAhC6WR";"";"Porta";"CQA";"P00";"025";"0";"1"
"0nfXwQlzH0duwGu6O2hr8W";"";"Porta";"CQA";"P00";"025";"0";"1"
"3q_7I27fz7uAWjDRAhC6Wj";"";"Porta";"CQA";"P00";"025";"0";"1"
"3q_7I27fz7uAWjDRAhC6g9";"";"Porta";"CQA";"P00";"027";"0";"1"
"3q_7I27fz7uAWjDRAhC6fF";"";"Porta";"CQA";"P00";"028";"0";"1"
"3q_7I27fz7uAWjDRAhC6eR";"";"Porta";"CQA";"P00";"029";"0";"1"
"3q_7I27fz7uAWjDRAhC6xY";"";"Porta";"CQA";"P00";"005";"0";"1"
"3q_7I27fz7uAWjDRAhC6bA";"";"Porta";"CQA";"P00";"031";"0";"1"
"3q_7I27fz7uAWjDRAhC6bZ";"";"Porta";"CQA";"P00";"032";"0";"1"
"3q_7I27fz7uAWjDRAhC6dY";"";"Porta";"CQA";"P00";"033";"0";"1"
"2jK6F59IL1KQ6HCUUQJATN";"";"PortaTallafocs";"CQA";"P00";"005";"0";"1"
"2jK6F59IL1KQ6HCUUQJAUP";"";"PortaTallafocs";"CQA";"P00";"043";"0";"1"
"06B7s$i5P3hAciytk_0ITc";"";"PortaTallafocs";"CQA";"P00";"044";"0";"1"
"3a15SdQ6nFHxUg0ZbdvMZ1";"";"PortaTallafocs";"CQA";"P00";"024";"0";"1"
"3a15SdQ6nFHxUg0ZbdvMcp";"";"PortaTallafocs";"CQA";"P00";"019";"0";"1"
"3a15SdQ6nFHxUg0ZbdvMWP";"";"PortaTallafocs";"CQA";"P00";"021";"0";"1"
"3a15SdQ6nFHxUg0ZbdvMX7";"";"PortaTallafocs";"CQA";"P00";"020";"0";"1"
"06B7s$i5P3hAciytk_0ISr";"";"PortaTallafocs";"CQA";"P00";"047";"0";"1"
"3soXJEH$HArA0xKKnD6Emh";"";"Porta";"CQA";"P01";"001";"0";"1"
"2kC6_jVVPD4u3biKT2xfpn";"";"Porta";"UDI";"P00";"001";"0";"1"
"2kC6_jVVPD4u3biKT2xfm9";"";"Porta";"UDI";"P00";"001";"0";"1"
"2kC6_jVVPD4u3biKT2xfkE";"";"Porta";"UDI";"P00";"001";"0";"1"
"2kC6_jVVPD4u3biKT2xflr";"";"Porta";"UDI";"P00";"001";"0";"1"
"2kC6_jVVPD4u3biKT2xfoM";"";"Porta";"UDI";"P00";"001";"0";"1"
"2hLrug0VDEDOLgOtgdGPM2";"";"Porta";"UDI";"P00";"002";"0";"1"
"2kC6_jVVPD4u3biKT2xfi9";"";"Porta";"UDI";"P00";"002";"0";"1"
"0EIX1eco9B5A9cYVjo8qcp";"";"Porta";"UDI";"P00";"003";"0";"1"
"2hLrug0VDEDOLgOtgdGP8Z";"";"Porta";"UDI";"P00";"003";"0";"1"
"2hLrug0VDEDOLgOtgdGP8T";"";"Porta";"UDI";"P00";"005";"0";"1"
"2hLrug0VDEDOLgOtgdGP5V";"";"Porta";"UDI";"P00";"005";"0";"1"
"2hLrug0VDEDOLgOtgdGPJd";"";"Porta";"UDI";"P00";"005";"0";"1"
"2hLrug0VDEDOLgOtgdGPIx";"";"Porta";"UDI";"P00";"005";"0";"1"
"2hLrug0VDEDOLgOtgdGP65";"";"Porta";"UDI";"P00";"005";"0";"1"
"2hLrug0VDEDOLgOtgdGP7X";"";"Porta";"UDI";"P00";"005";"0";"1"
"2hLrug0VDEDOLgOtgdGP6l";"";"Porta";"UDI";"P00";"005";"0";"1"
"2hLrug0VDEDOLgOtgdGP5s";"";"Porta";"UDI";"P00";"011";"0";"1"
"2hLrug0VDEDOLgOtgdGP7U";"";"Porta";"UDI";"P00";"011";"0";"1"
"2hLrug0VDEDOLgOtgdGP3h";"";"Porta";"UDI";"P00";"011";"0";"1"
"2hLrug0VDEDOLgOtgdGPOC";"";"Porta";"UDI";"P00";"014";"0";"1"
"2hLrug0VDEDOLgOtgdGOcF";"";"Porta";"UDI";"P00";"014";"0";"1"
"2hLrug0VDEDOLgOtgdGOag";"";"Porta";"UDI";"P00";"014";"0";"1"
"2hLrug0VDEDOLgOtgdGOaB";"";"Porta";"UDI";"P00";"014";"0";"1"
"2hLrug0VDEDOLgOtgdGObY";"";"Porta";"UDI";"P00";"014";"0";"1"
"2hLrug0VDEDOLgOtgdGOb_";"";"Porta";"UDI";"P00";"014";"0";"1"
"2hLrug0VDEDOLgOtgdGObU";"";"Porta";"UDI";"P00";"014";"0";"1"
"2hLrug0VDEDOLgOtgdGOY$";"";"Porta";"UDI";"P00";"014";"0";"1"
"2hLrug0VDEDOLgOtgdGOZe";"";"Porta";"UDI";"P00";"014";"0";"1"
"2hLrug0VDEDOLgOtgdGOW1";"";"Porta";"UDI";"P00";"014";"0";"1"
"2hLrug0VDEDOLgOtgdGOXn";"";"Porta";"UDI";"P00";"018";"0";"1"
"2hLrug0VDEDOLgOtgdGPUa";"";"Porta";"UDI";"P00";"025";"0";"1"
"2hLrug0VDEDOLgOtgdGPUB";"";"Porta";"UDI";"P00";"025";"0";"1"
"2hLrug0VDEDOLgOtgdGPV3";"";"Porta";"UDI";"P00";"025";"0";"1"
"2hLrug0VDEDOLgOtgdGPCZ";"";"Porta";"UDI";"P00";"025";"0";"1"
"2hLrug0VDEDOLgOtgdGPRm";"";"Porta";"UDI";"P00";"025";"0";"1"
"2hLrug0VDEDOLgOtgdGPOa";"";"Porta";"UDI";"P00";"025";"0";"1"
"2hLrug0VDEDOLgOtgdGPOi";"";"Porta";"UDI";"P00";"025";"0";"1"
"2hLrug0VDEDOLgOtgdGPOq";"";"Porta";"UDI";"P00";"025";"0";"1"
"2hLrug0VDEDOLgOtgdGPOy";"";"Porta";"UDI";"P00";"025";"0";"1"
"2hLrug0VDEDOLgOtgdGPGP";"";"Porta";"UDI";"P00";"025";"0";"1"
"1$3gjDcUDB2hRr4evSR8fc";"";"Porta";"UDI";"P00";"030";"0";"1"
"1$3gjDcUDB2hRr4evSR8fA";"";"Porta";"UDI";"P00";"030";"0";"1"
"0dLlR4SH52h8ogmGwFKRTc";"";"Porta";"UDI";"P00";"032";"0";"1"
"0dLlR4SH52h8ogmGwFKRTd";"";"Porta";"UDI";"P00";"032";"0";"1"
"2hLrug0VDEDOLgOtgdGPSx";"";"Porta";"UDI";"P00";"033";"0";"1"
"2ObjyVdUT4Bg8spmVaIJT2";"";"Porta";"UDI";"P01";"001";"0";"1"
"2ObjyVdUT4Bg8spmVaIJRt";"";"Porta";"UDI";"P01";"001";"0";"1"
"2ObjyVdUT4Bg8spmVaIJSG";"";"Porta";"UDI";"P01";"001";"0";"1"
"2ObjyVdUT4Bg8spmVaIJUF";"";"Porta";"UDI";"P01";"001";"0";"1"
"2ObjyVdUT4Bg8spmVaIJG6";"";"Porta";"UDI";"P01";"001";"0";"1"
"1Y57hoWCP1rfmgpHYXs$4r";"";"Porta";"UDI";"P01";"001";"0";"1"
"1Y57hoWCP1rfmgpHYXs$4H";"";"Porta";"UDI";"P01";"001";"0";"1"
"3Ljdw17Rn9xAbcBVq7_cxk";"";"Porta";"UDI";"P01";"002";"0";"1"
"2ObjyVdUT4Bg8spmVaIJVU";"";"Porta";"UDI";"P01";"002";"0";"1"
"3Ljdw17Rn9xAbcBVq7_c$r";"";"Porta";"UDI";"P01";"002";"0";"1"
"3Ljdw17Rn9xAbcBVq7_d5b";"";"Porta";"UDI";"P01";"004";"0";"1"
"3Ljdw17Rn9xAbcBVq7_d2h";"";"Porta";"UDI";"P01";"004";"0";"1"
"3Ljdw17Rn9xAbcBVq7_d3y";"";"Porta";"UDI";"P01";"004";"0";"1"
"3Ljdw17Rn9xAbcBVq7_cvX";"";"Porta";"UDI";"P01";"005";"0";"1"
"3Ljdw17Rn9xAbcBVq7_cwH";"";"Porta";"UDI";"P01";"005";"0";"1"
"3Ljdw17Rn9xAbcBVq7_cwp";"";"Porta";"UDI";"P01";"005";"0";"1"
"3Ljdw17Rn9xAbcBVq7_cuo";"";"Porta";"UDI";"P01";"005";"0";"1"
"3Ljdw17Rn9xAbcBVq7_cu9";"";"Porta";"UDI";"P01";"007";"0";"1"
"3Ljdw17Rn9xAbcBVq7_d1T";"";"Porta";"UDI";"P01";"007";"0";"1"
"3Ljdw17Rn9xAbcBVq7_d7s";"";"Porta";"UDI";"P01";"007";"0";"1"
"3Ljdw17Rn9xAbcBVq7_cyl";"";"Porta";"UDI";"P01";"008";"0";"1"
"3Ljdw17Rn9xAbcBVq7_cp$";"";"Porta";"UDI";"P01";"008";"0";"1"
"3Ljdw17Rn9xAbcBVq7_cnk";"";"Porta";"UDI";"P01";"008";"0";"1"
"3Ljdw17Rn9xAbcBVq7_c_N";"";"Porta";"UDI";"P01";"008";"0";"1"
"3Ljdw17Rn9xAbcBVq7_cQD";"";"Porta";"UDI";"P01";"008";"0";"1"
"3Ljdw17Rn9xAbcBVq7_czM";"";"Porta";"UDI";"P01";"008";"0";"1"
"2ZWCajoPHD5RGgAVlN1hWi";"";"Porta";"UDI";"P01";"018";"0";"1"
"3Ljdw17Rn9xAbcBVq7_dF3";"";"Porta";"UDI";"P01";"019";"0";"1"
"3Ljdw17Rn9xAbcBVq7_dC$";"";"Porta";"UDI";"P01";"019";"0";"1"
"3Ljdw17Rn9xAbcBVq7_d4t";"";"Porta";"UDI";"P01";"033";"0";"1"
"2NOh6n0MD5GPJIkIfeSSYm";"";"Porta";"UDI";"P01";"038";"0";"1"
"2NOh6n0MD5GPJIkIfeSQqq";"";"Porta";"UDI";"P01";"038";"0";"1"
"1PsCqFpN510PG0gsLHWGEb";"";"Porta";"UDI";"P02";"009";"0";"1"
"1PsCqFpN510PG0gsLHWGIL";"";"Porta";"UDI";"P02";"009";"0";"1"
"1PsCqFpN510PG0gsLHWGDg";"";"Porta";"UDI";"P02";"009";"0";"1"
"1PsCqFpN510PG0gsLHWGCn";"";"Porta";"UDI";"P02";"009";"0";"1"
"1PsCqFpN510PG0gsLHWG9r";"";"Porta";"UDI";"P02";"010";"0";"1"
"2L_5jbk_T8bR5hh$lP56zw";"";"Porta";"UDI";"PSS";"001";"0";"1"
"2L_5jbk_T8bR5hh$lP56yw";"";"Porta";"UDI";"PSS";"001";"0";"1"
"2L_5jbk_T8bR5hh$lP56$_";"";"Porta";"UDI";"PSS";"001";"0";"1"
"3JShm$V6v6sA01TcsrL$$z";"";"Porta";"UDI";"PSS";"001";"0";"1"
"3JShm$V6v6sA01TcsrL$yS";"";"Porta";"UDI";"PSS";"001";"0";"1"
"20Us3SQ7z1mOcwWURa_FKd";"";"Porta";"UDI";"PSS";"001";"0";"1"
"0OOU4R27rELw4FSrnDDN69";"";"Porta";"UDI";"PSS";"002";"0";"1"
"35PhmDDozE9eJFNvS3Z03C";"";"Porta";"UDI";"PSS";"003";"0";"1"
"20Us3SQ7z1mOcwWURa_FLp";"";"Porta";"UDI";"PSS";"003";"0";"1"
"2Vptber7DF1xiIK3LVKtPi";"";"Porta";"UDI";"PSS";"003";"0";"1"
"0OOU4R27rELw4FSrnDDN5G";"";"Porta";"UDI";"PSS";"004";"0";"1"
"0kigphT89F1PJplFBgKdjA";"";"Porta";"UDI";"PSS";"004";"0";"1"
"0OOU4R27rELw4FSrnDDN5o";"";"Porta";"UDI";"PSS";"006";"0";"1"
"0kigphT89F1PJplFBgKdiI";"";"Porta";"UDI";"PSS";"007";"0";"1"
"0OOU4R27rELw4FSrnDDN4r";"";"Porta";"UDI";"PSS";"009";"0";"1"
"0OOU4R27rELw4FSrnDDN4X";"";"Porta";"UDI";"PSS";"010";"0";"1"
"0kigphT89F1PJplFBgKdlc";"";"Porta";"UDI";"PSS";"012";"0";"1"
"0kigphT89F1PJplFBgKWHV";"";"Porta";"UDI";"PSS";"012";"0";"1"
"0kigphT89F1PJplFBgKWIX";"";"Porta";"UDI";"PSS";"012";"0";"1"
"1$WyWKAp16AOudCeEVpx7A";"";"Porta";"UDI";"PSS";"012";"0";"1"
"0kigphT89F1PJplFBgKWOU";"";"Porta";"UDI";"PSS";"016";"0";"1"
"0kigphT89F1PJplFBgKWPy";"";"Porta";"UDI";"PSS";"017";"0";"1"
"0kigphT89F1PJplFBgKdgY";"";"Porta";"UDI";"PSS";"018";"0";"1"
"0OOU4R27rELw4FSrnDDNIZ";"";"Porta";"UDI";"PSS";"018";"0";"1"
"0OOU4R27rELw4FSrnDDNDo";"";"Porta";"UDI";"PSS";"018";"0";"1"
"0kigphT89F1PJplFBgKWJB";"";"Porta";"UDI";"PSS";"018";"0";"1"
"0OOU4R27rELw4FSrnDDNF6";"";"Porta";"UDI";"PSS";"018";"0";"1"
"0OOU4R27rELw4FSrnDDNG6";"";"Porta";"UDI";"PSS";"018";"0";"1"
"0OOU4R27rELw4FSrnDDNDk";"";"Porta";"UDI";"PSS";"021";"0";"1"
"0OOU4R27rELw4FSrnDDNJh";"";"Porta";"UDI";"PSS";"024";"0";"1"
"0kigphT89F1PJplFBgKW0N";"";"Porta";"UDI";"PSS";"028";"0";"1"
"1SqiwPlQb4m9YSVw05xGpZ";"";"Porta";"UDI";"PSS";"033";"0";"1"
"0HTxKUouLAKR3$_g$Lggc_";"";"Porta";"UDI";"PSS";"034";"0";"1"
"0kigphT89F1PJplFBgKWUZ";"";"Porta";"UDI";"PSS";"034";"0";"1"
"0kigphT89F1PJplFBgKWV3";"";"Porta";"UDI";"PSS";"034";"0";"1"
"3cb3gDxLj42vSKJhXhyCA0";"";"Porta";"UDI";"PSS";"034";"0";"1"
"0kigphT89F1PJplFBgKWVw";"";"Porta";"UDI";"PSS";"034";"0";"1"
"0kigphT89F1PJplFBgKWTc";"";"Porta";"UDI";"PSS";"035";"0";"1"
"0HTxKUouLAKR3$_g$Lggb2";"";"Porta";"UDI";"PSS";"036";"0";"1"
"0kigphT89F1PJplFBgKWQL";"";"Porta";"UDI";"PSS";"036";"0";"1"
"0kigphT89F1PJplFBgKWRo";"";"Porta";"UDI";"PSS";"036";"0";"1"
"21TExkbPj2hPRtuN9OZnLf";"";"Porta";"UDI";"PSS";"043";"0";"1"
"0kigphT89F1PJplFBgKd_e";"";"Porta";"UDI";"PSS";"044";"0";"1"
"21TExkbPj2hPRtuN9OZnLm";"";"Porta";"UDI";"PSS";"044";"0";"1"
"1$WyWKAp16AOudCeEVpxBz";"";"Porta";"UDI";"PSS";"044";"0";"1"
"0kigphT89F1PJplFBgKdxL";"";"Porta";"UDI";"PSS";"044";"0";"1"
"0kigphT89F1PJplFBgKdyO";"";"Porta";"UDI";"PSS";"044";"0";"1"
"0kigphT89F1PJplFBgKdzl";"";"Porta";"UDI";"PSS";"044";"0";"1"
"244Kn$Iaj7pPk5H2YHRFM9";"";"Porta";"UDI";"PSS";"044";"0";"1"
"0kigphT89F1PJplFBgKddg";"";"Porta";"UDI";"PSS";"046";"0";"1"
"0kigphT89F1PJplFBgKdYC";"";"Porta";"UDI";"PSS";"048";"0";"1"
"0kigphT89F1PJplFBgKdXs";"";"Porta";"UDI";"PSS";"049";"0";"1"
"0kigphT89F1PJplFBgKdbR";"";"Porta";"UDI";"PSS";"050";"0";"1"
"0kigphT89F1PJplFBgKdW$";"";"Porta";"UDI";"PSS";"051";"0";"1"
"0kigphT89F1PJplFBgKdv_";"";"Porta";"UDI";"PSS";"055";"0";"1"
"0kigphT89F1PJplFBgKdtn";"";"Porta";"UDI";"PSS";"056";"0";"1"
"06Nyb9rFr2axxyvm54iaZw";"";"Porta";"UDI";"PSS";"057";"0";"1"
"06Nyb9rFr2axxyvm54iaWF";"";"Porta";"UDI";"PSS";"057";"0";"1"
"2L_5jbk_T8bR5hh$lP56$2";"";"Porta";"UDI";"PSS";"001";"0";"1"